{"cameraMode":{"drawMode":0,"name":"Shaded","section":"Shading Mode"},"sceneLighting":false,"audioPlay":false,"sceneViewState":{"m_AlwaysRefresh":false,"showFog":false,"showSkybox":false,"showFlares":true,"showImageEffects":true,"showParticleSystems":true,"showVisualEffectGraphs":true,"m_FxEnabled":true},"in2DMode":false,"pivot":{"x":-0.6745787858963013,"y":-0.29763752222061159,"z":-0.22064423561096192},"rotation":{"x":-0.36143913865089419,"y":0.14651598036289216,"z":-0.05762318894267082,"w":-0.9190114736557007},"size":1.8247449398040772,"orthographic":false}