{"cameraMode":{"drawMode":0,"name":"Shaded","section":"Shading Mode"},"sceneLighting":false,"audioPlay":false,"sceneViewState":{"showFog":true,"showMaterialUpdate":false,"showSkybox":false,"showFlares":true,"showImageEffects":true,"showParticleSystems":true,"showVisualEffectGraphs":true,"m_FxEnabled":true},"in2DMode":false,"pivot":{"x":0.10304142534732819,"y":0.8887847661972046,"z":0.23133745789527894},"rotation":{"x":-0.16303999722003938,"y":-0.021608125418424608,"z":0.0035705328918993475,"w":-0.9863795042037964},"size":1.2788269519805909,"orthographic":false}