{"cameraMode":{"drawMode":0,"name":"Shaded","section":"Shading Mode"},"sceneLighting":true,"audioPlay":false,"sceneViewState":{"m_AlwaysRefresh":false,"showFog":false,"showSkybox":true,"showFlares":true,"showImageEffects":true,"showParticleSystems":true,"showVisualEffectGraphs":true,"m_FxEnabled":true},"in2DMode":false,"pivot":{"x":488.8583679199219,"y":257.80462646484377,"z":148.42031860351563},"rotation":{"x":-0.10957759618759155,"y":-0.014315573498606682,"z":0.0015784453134983779,"w":-0.9938750267028809},"size":314.69415283203127,"orthographic":false}