{"cameraMode":{"drawMode":0,"name":"Shaded","section":"Shading Mode"},"sceneLighting":true,"audioPlay":false,"sceneViewState":{"m_AlwaysRefresh":false,"showFog":false,"showSkybox":true,"showFlares":true,"showImageEffects":true,"showParticleSystems":true,"showVisualEffectGraphs":true,"m_FxEnabled":true},"in2DMode":false,"pivot":{"x":50.134666442871097,"y":-15.79980182647705,"z":80.9979476928711},"rotation":{"x":-0.4631403386592865,"y":-0.028708944097161294,"z":0.015012405812740326,"w":-0.8856930732727051},"size":18.520326614379884,"orthographic":false}