{"cameraMode":{"drawMode":0,"name":"Shaded","section":"Shading Mode"},"sceneLighting":true,"audioPlay":false,"sceneViewState":{"m_AlwaysRefresh":false,"showFog":false,"showSkybox":true,"showFlares":true,"showImageEffects":true,"showParticleSystems":true,"showVisualEffectGraphs":true,"m_FxEnabled":true},"in2DMode":false,"pivot":{"x":125.14237976074219,"y":129.38922119140626,"z":-5.32806396484375},"rotation":{"x":-0.2213447391986847,"y":-0.012582291848957539,"z":0.0028572746086865665,"w":-0.9751209020614624},"size":90.8403091430664,"orthographic":false}