{"cameraMode":{"drawMode":0,"name":"Shaded","section":"Shading Mode"},"sceneLighting":true,"audioPlay":false,"sceneViewState":{"m_AlwaysRefresh":false,"showFog":false,"showSkybox":true,"showFlares":true,"showImageEffects":true,"showParticleSystems":true,"showVisualEffectGraphs":true,"m_FxEnabled":true},"in2DMode":false,"pivot":{"x":39.02231216430664,"y":-1.4077553749084473,"z":56.52555847167969},"rotation":{"x":0.5250707268714905,"y":0.017628470435738565,"z":-0.010871479287743569,"w":0.8508475422859192},"size":10.78152084350586,"orthographic":false}