{"cameraMode":{"drawMode":0,"name":"Shaded","section":"Shading Mode"},"sceneLighting":true,"audioPlay":false,"sceneViewState":{"m_AlwaysRefresh":false,"showFog":false,"showSkybox":true,"showFlares":true,"showImageEffects":true,"showParticleSystems":true,"showVisualEffectGraphs":true,"m_FxEnabled":true},"in2DMode":false,"pivot":{"x":58.855262756347659,"y":-4.0323991775512699,"z":60.348724365234378},"rotation":{"x":-0.24395813047885896,"y":-0.35293564200401308,"z":0.09585755318403244,"w":-0.8981959223747253},"size":12.463829040527344,"orthographic":false}