{"cameraMode":{"drawMode":0,"name":"Shaded","section":"Shading Mode"},"sceneLighting":true,"audioPlay":false,"sceneViewState":{"m_AlwaysRefresh":false,"showFog":false,"showSkybox":true,"showFlares":true,"showImageEffects":true,"showParticleSystems":true,"showVisualEffectGraphs":true,"m_FxEnabled":true},"in2DMode":false,"pivot":{"x":198.2788848876953,"y":323.96600341796877,"z":-18.326984405517579},"rotation":{"x":-0.1273277848958969,"y":-0.045512523502111438,"z":0.0058488063514232639,"w":-0.9907990097999573},"size":154.24554443359376,"orthographic":false}