{"cameraMode":{"drawMode":0,"name":"Shaded","section":"Shading Mode"},"sceneLighting":true,"audioPlay":false,"sceneViewState":{"m_AlwaysRefresh":false,"showFog":false,"showSkybox":true,"showFlares":true,"showImageEffects":true,"showParticleSystems":true,"showVisualEffectGraphs":true,"m_FxEnabled":true},"in2DMode":false,"pivot":{"x":88.66000366210938,"y":3.154750347137451,"z":56.900001525878909},"rotation":{"x":-0.4631403386592865,"y":-0.028708944097161294,"z":0.015012405812740326,"w":-0.8856930732727051},"size":6.843172550201416,"orthographic":false}