{"cameraMode":{"drawMode":0,"name":"Shaded","section":"Shading Mode"},"sceneLighting":true,"audioPlay":false,"sceneViewState":{"m_AlwaysRefresh":false,"showFog":false,"showSkybox":true,"showFlares":true,"showImageEffects":true,"showParticleSystems":true,"showVisualEffectGraphs":true,"m_FxEnabled":true},"in2DMode":false,"pivot":{"x":85.95368194580078,"y":-12.364100456237793,"z":83.62972259521485},"rotation":{"x":-0.4631403386592865,"y":-0.028708944097161294,"z":0.015012405812740326,"w":-0.8856930732727051},"size":33.54230880737305,"orthographic":false}