{"cameraMode":{"drawMode":0,"name":"Shaded","section":"Shading Mode"},"sceneLighting":false,"audioPlay":false,"sceneViewState":{"showFog":true,"showMaterialUpdate":false,"showSkybox":false,"showFlares":true,"showImageEffects":true,"showParticleSystems":true,"showVisualEffectGraphs":true,"m_FxEnabled":true},"in2DMode":false,"pivot":{"x":0.005355656147003174,"y":0.9026743173599243,"z":-0.06351900100708008},"rotation":{"x":-0.11230752617120743,"y":-0.06791509687900543,"z":0.007694178726524115,"w":-0.9913226962089539},"size":1.2247450351715088,"orthographic":false}