{"cameraMode":{"drawMode":0,"name":"Shaded","section":"Shading Mode"},"sceneLighting":true,"audioPlay":false,"sceneViewState":{"showFog":true,"showMaterialUpdate":false,"showSkybox":true,"showFlares":true,"showImageEffects":true,"showParticleSystems":true,"showVisualEffectGraphs":true,"m_FxEnabled":true},"in2DMode":false,"pivot":{"x":70.1729736328125,"y":-163.53271484375,"z":189.19790649414063},"rotation":{"x":0.4824030101299286,"y":0.0026278425939381124,"z":-0.0014472114853560925,"w":0.8759446740150452},"size":310.83160400390627,"orthographic":false}