{"cameraMode":{"drawMode":0,"name":"Shaded","section":"Shading Mode"},"sceneLighting":false,"audioPlay":false,"sceneViewState":{"showFog":true,"showMaterialUpdate":false,"showSkybox":false,"showFlares":true,"showImageEffects":true,"showParticleSystems":true,"showVisualEffectGraphs":true,"m_FxEnabled":true},"in2DMode":false,"pivot":{"x":347.0116882324219,"y":216.62315368652345,"z":9.651780128479004},"rotation":{"x":-0.021308034658432008,"y":0.0005971801001578569,"z":-0.000012711943782051094,"w":-0.9997750520706177},"size":95.84630584716797,"orthographic":false}