{"cameraMode":{"drawMode":0,"name":"Shaded","section":"Shading Mode"},"sceneLighting":true,"audioPlay":false,"sceneViewState":{"showFog":false,"showMaterialUpdate":false,"showSkybox":true,"showFlares":true,"showImageEffects":true,"showParticleSystems":true,"showVisualEffectGraphs":true,"m_FxEnabled":true},"in2DMode":false,"pivot":{"x":75.7982177734375,"y":-72.73069763183594,"z":118.24343872070313},"rotation":{"x":-0.44922518730163576,"y":-0.001869307947345078,"z":0.0009407680481672287,"w":-0.8934187293052673},"size":93.66609191894531,"orthographic":false}