{"cameraMode":{"drawMode":0,"name":"Shaded","section":"Shading Mode"},"sceneLighting":false,"audioPlay":false,"sceneViewState":{"showFog":false,"showMaterialUpdate":false,"showSkybox":false,"showFlares":true,"showImageEffects":true,"showParticleSystems":true,"showVisualEffectGraphs":true,"m_FxEnabled":true},"in2DMode":false,"pivot":{"x":-0.025742709636688234,"y":0.040050894021987918,"z":0.04381304979324341},"rotation":{"x":-0.3989177942276001,"y":-0.01567310094833374,"z":0.0068183643743395809,"w":-0.9168300628662109},"size":4.4516377449035648,"orthographic":false}