{"cameraMode":{"drawMode":0,"name":"Shaded","section":"Shading Mode"},"sceneLighting":false,"audioPlay":false,"sceneViewState":{"m_AlwaysRefresh":false,"showFog":false,"showSkybox":false,"showFlares":true,"showImageEffects":true,"showParticleSystems":true,"showVisualEffectGraphs":true,"m_FxEnabled":true},"in2DMode":false,"pivot":{"x":-0.12099999934434891,"y":-0.20100000500679017,"z":0.07699999958276749},"rotation":{"x":-0.3132209777832031,"y":0.5444965362548828,"z":-0.2293814867734909,"w":-0.7435104846954346},"size":1.7660253047943116,"orthographic":false}