{"cameraMode":{"drawMode":0,"name":"Shaded","section":"Shading Mode"},"sceneLighting":false,"audioPlay":false,"sceneViewState":{"showFog":true,"showMaterialUpdate":false,"showSkybox":false,"showFlares":true,"showImageEffects":true,"showParticleSystems":true,"showVisualEffectGraphs":true,"m_FxEnabled":true},"in2DMode":false,"pivot":{"x":-0.010944157838821411,"y":0.06055177003145218,"z":-0.0070296525955200199},"rotation":{"x":0.4525333642959595,"y":-0.02541331574320793,"z":0.01290290430188179,"w":0.8912937045097351},"size":0.24552848935127259,"orthographic":false}