{"cameraMode":{"drawMode":0,"name":"Shaded","section":"Shading Mode"},"sceneLighting":false,"audioPlay":false,"sceneViewState":{"showFog":true,"showMaterialUpdate":false,"showSkybox":false,"showFlares":true,"showImageEffects":true,"showParticleSystems":true,"showVisualEffectGraphs":true,"m_FxEnabled":true},"in2DMode":false,"pivot":{"x":0.3395409882068634,"y":0.6501235365867615,"z":0.3644263744354248},"rotation":{"x":0.25993111729621889,"y":-0.07234393805265427,"z":0.01953253336250782,"w":0.9627163410186768},"size":0.6400302648544312,"orthographic":false}