{"cameraMode":{"drawMode":0,"name":"Shaded","section":"Shading Mode"},"sceneLighting":false,"audioPlay":false,"sceneViewState":{"m_AlwaysRefresh":false,"showFog":false,"showSkybox":false,"showFlares":true,"showImageEffects":true,"showParticleSystems":true,"showVisualEffectGraphs":true,"m_FxEnabled":true},"in2DMode":false,"pivot":{"x":328.53118896484377,"y":229.6788787841797,"z":-14.477951049804688},"rotation":{"x":-0.1437593400478363,"y":-0.026125052943825723,"z":0.0037964791990816595,"w":-0.9892606735229492},"size":206.5650634765625,"orthographic":false}