{"cameraMode":{"drawMode":0,"name":"Shaded","section":"Shading Mode"},"sceneLighting":true,"audioPlay":false,"sceneViewState":{"showFog":true,"showMaterialUpdate":false,"showSkybox":true,"showFlares":true,"showImageEffects":true,"showParticleSystems":true,"showVisualEffectGraphs":true,"m_FxEnabled":true},"in2DMode":false,"pivot":{"x":61.36149597167969,"y":-117.57807922363281,"z":184.29812622070313},"rotation":{"x":0.42441031336784365,"y":-0.000004628283932106569,"z":0.000002062439989458653,"w":0.9054721593856812},"size":211.63009643554688,"orthographic":false}