{"cameraMode":{"drawMode":0,"name":"Shaded","section":"Shading Mode"},"sceneLighting":false,"audioPlay":false,"sceneViewState":{"showFog":true,"showMaterialUpdate":false,"showSkybox":false,"showFlares":true,"showImageEffects":true,"showParticleSystems":true,"showVisualEffectGraphs":true,"m_FxEnabled":true},"in2DMode":false,"pivot":{"x":0.03187119960784912,"y":0.6117532253265381,"z":0.1113654375076294},"rotation":{"x":0.25993111729621889,"y":-0.07234393805265427,"z":0.01953253336250782,"w":0.9627163410186768},"size":1.0700268745422364,"orthographic":false}