{"cameraMode":{"drawMode":0,"name":"Shaded","section":"Shading Mode"},"sceneLighting":true,"audioPlay":false,"sceneViewState":{"showFog":true,"showMaterialUpdate":false,"showSkybox":true,"showFlares":true,"showImageEffects":true,"showParticleSystems":true,"showVisualEffectGraphs":true,"m_FxEnabled":true},"in2DMode":false,"pivot":{"x":47.636234283447269,"y":-57.55156707763672,"z":162.6472625732422},"rotation":{"x":0.3676641583442688,"y":-0.004184795543551445,"z":0.001654507708735764,"w":0.9299478530883789},"size":55.12162780761719,"orthographic":false}