{"cameraMode":{"drawMode":0,"name":"Shaded","section":"Shading Mode"},"sceneLighting":false,"audioPlay":false,"sceneViewState":{"showFog":true,"showMaterialUpdate":false,"showSkybox":false,"showFlares":true,"showImageEffects":true,"showParticleSystems":true,"showVisualEffectGraphs":true,"m_FxEnabled":true},"in2DMode":false,"pivot":{"x":0.020271778106689454,"y":1.014628291130066,"z":-0.0314100980758667},"rotation":{"x":-0.2539653480052948,"y":0.015084657818078995,"z":-0.003961545880883932,"w":-0.9670878052711487},"size":1.5232930183410645,"orthographic":false}