{"cameraMode":{"drawMode":0,"name":"Shaded","section":"Shading Mode"},"sceneLighting":false,"audioPlay":false,"sceneViewState":{"showFog":false,"showMaterialUpdate":false,"showSkybox":false,"showFlares":true,"showImageEffects":true,"showParticleSystems":true,"showVisualEffectGraphs":true,"m_FxEnabled":true},"in2DMode":false,"pivot":{"x":0.223478764295578,"y":1.2929316759109498,"z":0.6934912204742432},"rotation":{"x":-0.32905930280685427,"y":-0.021804440766572954,"z":0.007599095348268747,"w":-0.9440305233001709},"size":4.223292827606201,"orthographic":false}