{"cameraMode":{"drawMode":0,"name":"Shaded","section":"Shading Mode"},"sceneLighting":false,"audioPlay":false,"sceneViewState":{"showFog":true,"showMaterialUpdate":false,"showSkybox":false,"showFlares":true,"showImageEffects":true,"showParticleSystems":true,"showVisualEffectGraphs":true,"m_FxEnabled":true},"in2DMode":false,"pivot":{"x":0.010072434321045876,"y":0.3428865671157837,"z":-1.2300567626953126},"rotation":{"x":-0.2843306064605713,"y":-0.0037416070699691774,"z":0.0011096347589045764,"w":-0.9587209820747376},"size":3.655156135559082,"orthographic":false}