{"cameraMode":{"drawMode":0,"name":"Shaded","section":"Shading Mode"},"sceneLighting":true,"audioPlay":false,"sceneViewState":{"showFog":true,"showMaterialUpdate":false,"showSkybox":true,"showFlares":true,"showImageEffects":true,"showParticleSystems":true,"showVisualEffectGraphs":true,"m_FxEnabled":true},"in2DMode":false,"pivot":{"x":74.37149810791016,"y":13.430497169494629,"z":76.34359741210938},"rotation":{"x":-0.2378808856010437,"y":0.031169621273875238,"z":-0.007638007402420044,"w":-0.9707640409469605},"size":1.7431707382202149,"orthographic":false}