{"cameraMode":{"drawMode":0,"name":"Shaded","section":"Shading Mode"},"sceneLighting":false,"audioPlay":false,"sceneViewState":{"showFog":false,"showMaterialUpdate":false,"showSkybox":false,"showFlares":true,"showImageEffects":true,"showParticleSystems":true,"showVisualEffectGraphs":true,"m_FxEnabled":true},"in2DMode":false,"pivot":{"x":634.1002807617188,"y":187.55691528320313,"z":19.610366821289064},"rotation":{"x":-0.12001606076955795,"y":-0.009833049029111863,"z":0.0011676286812871695,"w":-0.9927416443824768},"size":179.28961181640626,"orthographic":false}