{"cameraMode":{"drawMode":0,"name":"Shaded","section":"Shading Mode"},"sceneLighting":true,"audioPlay":false,"sceneViewState":{"showFog":true,"showMaterialUpdate":false,"showSkybox":true,"showFlares":true,"showImageEffects":true,"showParticleSystems":true,"showVisualEffectGraphs":true,"m_FxEnabled":true},"in2DMode":false,"pivot":{"x":48.24795913696289,"y":0.16963809728622437,"z":82.00794219970703},"rotation":{"x":0.18700267374515534,"y":0.001469083596020937,"z":-0.00027986298664472997,"w":0.9823611974716187},"size":5.316193103790283,"orthographic":false}