{"cameraMode":{"drawMode":0,"name":"Shaded","section":"Shading Mode"},"sceneLighting":false,"audioPlay":false,"sceneViewState":{"showFog":false,"showMaterialUpdate":false,"showSkybox":false,"showFlares":false,"showImageEffects":false,"showParticleSystems":false,"showVisualEffectGraphs":true,"m_FxEnabled":true},"in2DMode":false,"pivot":{"x":-5.960464477539063e-8,"y":0.8865861892700195,"z":-0.01337328553199768},"rotation":{"x":-0.37630924582481387,"y":-0.000836420978885144,"z":0.00033966690534725785,"w":-0.9264943599700928},"size":1.3753993511199952,"orthographic":false}