{"cameraMode":{"drawMode":0,"name":"Shaded","section":"Shading Mode"},"sceneLighting":true,"audioPlay":false,"sceneViewState":{"showFog":true,"showMaterialUpdate":false,"showSkybox":true,"showFlares":true,"showImageEffects":true,"showParticleSystems":true,"showVisualEffectGraphs":true,"m_FxEnabled":true},"in2DMode":false,"pivot":{"x":148.97579956054688,"y":88.78345489501953,"z":-0.06217002868652344},"rotation":{"x":-0.021308034658432008,"y":0.0005971801001578569,"z":-0.000012711943782051094,"w":-0.9997750520706177},"size":41.85660934448242,"orthographic":false}